{
  "search_height": 64,
  "search_width": 64,
  "kernel_height": 8,
  "kernel_width": 8,
  "channels": 3,
  "input_scale": 1.0,
  "input_zero_point": 0,
  "output_scale": 0.11764705926179886,
  "output_zero_point": -43,
  "output_count": 2,
  "conv_weight_scale": 0.002624671906232834,
  "conv_weight_zero_point": 0,
  "conv_weight_count": 192,
  "temperature": 0.1,
  "y_offset": 10.0,
  "conv_weight_offsets": [
    0,
    1,
    2,
    16,
    17,
    18,
    32,
    33,
    34,
    48,
    49,
    50,
    64,
    65,
    66,
    80,
    81,
    82,
    96,
    97,
    98,
    112,
    113,
    114,
    128,
    129,
    130,
    144,
    145,
    146,
    160,
    161,
    162,
    176,
    177,
    178,
    192,
    193,
    194,
    208,
    209,
    210,
    224,
    225,
    226,
    240,
    241,
    242,
    256,
    257,
    258,
    272,
    273,
    274,
    288,
    289,
    290,
    304,
    305,
    306,
    320,
    321,
    322,
    336,
    337,
    338,
    352,
    353,
    354,
    368,
    369,
    370,
    384,
    385,
    386,
    400,
    401,
    402,
    416,
    417,
    418,
    432,
    433,
    434,
    448,
    449,
    450,
    464,
    465,
    466,
    480,
    481,
    482,
    496,
    497,
    498,
    512,
    513,
    514,
    528,
    529,
    530,
    544,
    545,
    546,
    560,
    561,
    562,
    576,
    577,
    578,
    592,
    593,
    594,
    608,
    609,
    610,
    624,
    625,
    626,
    640,
    641,
    642,
    656,
    657,
    658,
    672,
    673,
    674,
    688,
    689,
    690,
    704,
    705,
    706,
    720,
    721,
    722,
    736,
    737,
    738,
    752,
    753,
    754,
    768,
    769,
    770,
    784,
    785,
    786,
    800,
    801,
    802,
    816,
    817,
    818,
    832,
    833,
    834,
    848,
    849,
    850,
    864,
    865,
    866,
    880,
    881,
    882,
    896,
    897,
    898,
    912,
    913,
    914,
    928,
    929,
    930,
    944,
    945,
    946,
    960,
    961,
    962,
    976,
    977,
    978,
    992,
    993,
    994,
    1008,
    1009,
    1010
  ],
  "conv_weight_blob": "pc_params"
}
