{
  "search_height": 64,
  "search_width": 64,
  "kernel_height": 8,
  "kernel_width": 8,
  "channels": 1,
  "input_scale": 1.0,
  "input_zero_point": 0,
  "output_scale": 0.11764705926179886,
  "output_zero_point": -43,
  "output_count": 2,
  "conv_weight_scale": 0.007874015718698502,
  "conv_weight_zero_point": 0,
  "conv_weight_count": 64,
  "temperature": 0.1,
  "y_offset": 10.0,
  "conv_weight_offsets": [
    0,
    16,
    32,
    48,
    64,
    80,
    96,
    112,
    128,
    144,
    160,
    176,
    192,
    208,
    224,
    240,
    256,
    272,
    288,
    304,
    320,
    336,
    352,
    368,
    384,
    400,
    416,
    432,
    448,
    464,
    480,
    496,
    512,
    528,
    544,
    560,
    576,
    592,
    608,
    624,
    640,
    656,
    672,
    688,
    704,
    720,
    736,
    752,
    768,
    784,
    800,
    816,
    832,
    848,
    864,
    880,
    896,
    912,
    928,
    944,
    960,
    976,
    992,
    1008
  ],
  "conv_weight_blob": "pc_params"
}
