{
  "search_height": 128,
  "search_width": 128,
  "kernel_height": 16,
  "kernel_width": 16,
  "channels": 3,
  "input_scale": 1.0,
  "input_zero_point": 0,
  "output_scale": 0.11764706671237946,
  "output_zero_point": -43,
  "output_count": 2,
  "conv_weight_scale": 0.002624671906232834,
  "conv_weight_zero_point": 0,
  "conv_weight_count": 768,
  "temperature": 0.1,
  "y_offset": 10.0,
  "conv_weight_offsets": [
    0,
    1,
    2,
    16,
    17,
    18,
    32,
    33,
    34,
    48,
    49,
    50,
    64,
    65,
    66,
    80,
    81,
    82,
    96,
    97,
    98,
    112,
    113,
    114,
    128,
    129,
    130,
    144,
    145,
    146,
    160,
    161,
    162,
    176,
    177,
    178,
    192,
    193,
    194,
    208,
    209,
    210,
    224,
    225,
    226,
    240,
    241,
    242,
    256,
    257,
    258,
    272,
    273,
    274,
    288,
    289,
    290,
    304,
    305,
    306,
    320,
    321,
    322,
    336,
    337,
    338,
    352,
    353,
    354,
    368,
    369,
    370,
    384,
    385,
    386,
    400,
    401,
    402,
    416,
    417,
    418,
    432,
    433,
    434,
    448,
    449,
    450,
    464,
    465,
    466,
    480,
    481,
    482,
    496,
    497,
    498,
    512,
    513,
    514,
    528,
    529,
    530,
    544,
    545,
    546,
    560,
    561,
    562,
    576,
    577,
    578,
    592,
    593,
    594,
    608,
    609,
    610,
    624,
    625,
    626,
    640,
    641,
    642,
    656,
    657,
    658,
    672,
    673,
    674,
    688,
    689,
    690,
    704,
    705,
    706,
    720,
    721,
    722,
    736,
    737,
    738,
    752,
    753,
    754,
    768,
    769,
    770,
    784,
    785,
    786,
    800,
    801,
    802,
    816,
    817,
    818,
    832,
    833,
    834,
    848,
    849,
    850,
    864,
    865,
    866,
    880,
    881,
    882,
    896,
    897,
    898,
    912,
    913,
    914,
    928,
    929,
    930,
    944,
    945,
    946,
    960,
    961,
    962,
    976,
    977,
    978,
    992,
    993,
    994,
    1008,
    1009,
    1010,
    1024,
    1025,
    1026,
    1040,
    1041,
    1042,
    1056,
    1057,
    1058,
    1072,
    1073,
    1074,
    1088,
    1089,
    1090,
    1104,
    1105,
    1106,
    1120,
    1121,
    1122,
    1136,
    1137,
    1138,
    1152,
    1153,
    1154,
    1168,
    1169,
    1170,
    1184,
    1185,
    1186,
    1200,
    1201,
    1202,
    1216,
    1217,
    1218,
    1232,
    1233,
    1234,
    1248,
    1249,
    1250,
    1264,
    1265,
    1266,
    1280,
    1281,
    1282,
    1296,
    1297,
    1298,
    1312,
    1313,
    1314,
    1328,
    1329,
    1330,
    1344,
    1345,
    1346,
    1360,
    1361,
    1362,
    1376,
    1377,
    1378,
    1392,
    1393,
    1394,
    1408,
    1409,
    1410,
    1424,
    1425,
    1426,
    1440,
    1441,
    1442,
    1456,
    1457,
    1458,
    1472,
    1473,
    1474,
    1488,
    1489,
    1490,
    1504,
    1505,
    1506,
    1520,
    1521,
    1522,
    1536,
    1537,
    1538,
    1552,
    1553,
    1554,
    1568,
    1569,
    1570,
    1584,
    1585,
    1586,
    1600,
    1601,
    1602,
    1616,
    1617,
    1618,
    1632,
    1633,
    1634,
    1648,
    1649,
    1650,
    1664,
    1665,
    1666,
    1680,
    1681,
    1682,
    1696,
    1697,
    1698,
    1712,
    1713,
    1714,
    1728,
    1729,
    1730,
    1744,
    1745,
    1746,
    1760,
    1761,
    1762,
    1776,
    1777,
    1778,
    1792,
    1793,
    1794,
    1808,
    1809,
    1810,
    1824,
    1825,
    1826,
    1840,
    1841,
    1842,
    1856,
    1857,
    1858,
    1872,
    1873,
    1874,
    1888,
    1889,
    1890,
    1904,
    1905,
    1906,
    1920,
    1921,
    1922,
    1936,
    1937,
    1938,
    1952,
    1953,
    1954,
    1968,
    1969,
    1970,
    1984,
    1985,
    1986,
    2000,
    2001,
    2002,
    2016,
    2017,
    2018,
    2032,
    2033,
    2034,
    2048,
    2049,
    2050,
    2064,
    2065,
    2066,
    2080,
    2081,
    2082,
    2096,
    2097,
    2098,
    2112,
    2113,
    2114,
    2128,
    2129,
    2130,
    2144,
    2145,
    2146,
    2160,
    2161,
    2162,
    2176,
    2177,
    2178,
    2192,
    2193,
    2194,
    2208,
    2209,
    2210,
    2224,
    2225,
    2226,
    2240,
    2241,
    2242,
    2256,
    2257,
    2258,
    2272,
    2273,
    2274,
    2288,
    2289,
    2290,
    2304,
    2305,
    2306,
    2320,
    2321,
    2322,
    2336,
    2337,
    2338,
    2352,
    2353,
    2354,
    2368,
    2369,
    2370,
    2384,
    2385,
    2386,
    2400,
    2401,
    2402,
    2416,
    2417,
    2418,
    2432,
    2433,
    2434,
    2448,
    2449,
    2450,
    2464,
    2465,
    2466,
    2480,
    2481,
    2482,
    2496,
    2497,
    2498,
    2512,
    2513,
    2514,
    2528,
    2529,
    2530,
    2544,
    2545,
    2546,
    2560,
    2561,
    2562,
    2576,
    2577,
    2578,
    2592,
    2593,
    2594,
    2608,
    2609,
    2610,
    2624,
    2625,
    2626,
    2640,
    2641,
    2642,
    2656,
    2657,
    2658,
    2672,
    2673,
    2674,
    2688,
    2689,
    2690,
    2704,
    2705,
    2706,
    2720,
    2721,
    2722,
    2736,
    2737,
    2738,
    2752,
    2753,
    2754,
    2768,
    2769,
    2770,
    2784,
    2785,
    2786,
    2800,
    2801,
    2802,
    2816,
    2817,
    2818,
    2832,
    2833,
    2834,
    2848,
    2849,
    2850,
    2864,
    2865,
    2866,
    2880,
    2881,
    2882,
    2896,
    2897,
    2898,
    2912,
    2913,
    2914,
    2928,
    2929,
    2930,
    2944,
    2945,
    2946,
    2960,
    2961,
    2962,
    2976,
    2977,
    2978,
    2992,
    2993,
    2994,
    3008,
    3009,
    3010,
    3024,
    3025,
    3026,
    3040,
    3041,
    3042,
    3056,
    3057,
    3058,
    3072,
    3073,
    3074,
    3088,
    3089,
    3090,
    3104,
    3105,
    3106,
    3120,
    3121,
    3122,
    3136,
    3137,
    3138,
    3152,
    3153,
    3154,
    3168,
    3169,
    3170,
    3184,
    3185,
    3186,
    3200,
    3201,
    3202,
    3216,
    3217,
    3218,
    3232,
    3233,
    3234,
    3248,
    3249,
    3250,
    3264,
    3265,
    3266,
    3280,
    3281,
    3282,
    3296,
    3297,
    3298,
    3312,
    3313,
    3314,
    3328,
    3329,
    3330,
    3344,
    3345,
    3346,
    3360,
    3361,
    3362,
    3376,
    3377,
    3378,
    3392,
    3393,
    3394,
    3408,
    3409,
    3410,
    3424,
    3425,
    3426,
    3440,
    3441,
    3442,
    3456,
    3457,
    3458,
    3472,
    3473,
    3474,
    3488,
    3489,
    3490,
    3504,
    3505,
    3506,
    3520,
    3521,
    3522,
    3536,
    3537,
    3538,
    3552,
    3553,
    3554,
    3568,
    3569,
    3570,
    3584,
    3585,
    3586,
    3600,
    3601,
    3602,
    3616,
    3617,
    3618,
    3632,
    3633,
    3634,
    3648,
    3649,
    3650,
    3664,
    3665,
    3666,
    3680,
    3681,
    3682,
    3696,
    3697,
    3698,
    3712,
    3713,
    3714,
    3728,
    3729,
    3730,
    3744,
    3745,
    3746,
    3760,
    3761,
    3762,
    3776,
    3777,
    3778,
    3792,
    3793,
    3794,
    3808,
    3809,
    3810,
    3824,
    3825,
    3826,
    3840,
    3841,
    3842,
    3856,
    3857,
    3858,
    3872,
    3873,
    3874,
    3888,
    3889,
    3890,
    3904,
    3905,
    3906,
    3920,
    3921,
    3922,
    3936,
    3937,
    3938,
    3952,
    3953,
    3954,
    3968,
    3969,
    3970,
    3984,
    3985,
    3986,
    4000,
    4001,
    4002,
    4016,
    4017,
    4018,
    4032,
    4033,
    4034,
    4048,
    4049,
    4050,
    4064,
    4065,
    4066,
    4080,
    4081,
    4082
  ],
  "conv_weight_blob": "pc_params"
}
